feature,group
p75_P,g0
p76_QTKIE,g0
p76_W,g1
p76_Y,g2
p77_E,g1
p77_L,g0
p77_N,g0
p77_V,g0
p78_G,g1
p78_LTISEF,g0
p78_V,g0
p78_Y,g1
p79_TASE,g3
p96_L,g1
p96_M,g0
p97_DHFYSQP,g0
p97_G,g0
p97_V,g2
p98_P,g1
p99_K,g4
p99_P,g1
p99_RSAQYL,g0
p99_V,g5
p100_G,g0
p100_IFVMSET,g0
p101_MIYRTELNF,g0
p101_Q,g6
p101_V,g0
p111_H,g0
p112_K,g0
p112_S,g7
p113_GCFST,g0
p113_L,g1
p113_M,g6
p114_M,g0
p114_Q,g1
p114_TCASI,g0
p115_G,g2
p115_S,g0
p115_T,g8
p116_F,g0
p117_IWTALV,g0
p117_Y,g1
p118_M,g0
p118_Y,g0
p119_G,g1
p119_T,g0
p121_L,g1
p121_V,g1
p122_I,g1
p122_M,g0
p122_VAGLTW,g0
p123_M,g6
p125_S,g0
p126_F,g1
p126_I,g0
p126_T,g1
p126_V,g0
p127_LTACVIG,g0
p127_P,g0
p128_I,g1
p128_L,g1
p128_TAFMS,g0
p130_F,g1
p131_I,g1
p131_L,g1
p134_V,g1
p135_L,g0
p138_T,g0
p139_F,g9
p139_L,g5
p139_STWC,g0
p140_HLS,g5
p140_T,g0
p141_H,g1
p141_N,g0
p141_SEDL,g0
p141_T,g0
p141_Y,g1
p144_S,g0
p144_TPRN,g0
p146_R,g0
p147_S,g0
p147_T,g1
p148_P,g0
p149_S,g0
p151_L,g0
p151_WMI,g0
p151_Y,g0
p152_I,g0
p152_L,g0
p153_V,g0
p154_V,g1
p156_L,g1
p156_V,g5
p157_S,g1
p158_I,g0
p158_L,g1
p159_FCL,g0
p159_G,g1
p160_G,g1
p161_L,g1
p162_I,g0
p162_L,g1
p163_F,g1
p163_M,g1
p163_V,g0
p164_C,g1
p164_M,g0
p164_S,g0
p164_V,g1
p165_F,g1
p166_EIVPLMTK,g10
p166_F,g1
p166_G,g1
p167_G,g1
p167_M,g0
p167_S,g1
p169_P,g0
p169_T,g1
p170_MLSQFHA,g0
p171_L,g0
p171_T,g1
p171_V,g1
p172_L,g6
p184_F,g0
p184_QCELNT,g0
p185_L,g6
p185_M,g2
p185_S,g1
p185_Y,g0
p186_Q,g1
p187_G,g0
p187_QKRAM,g0
p188_T,g0
p188_Y,g0
p197_D,g0
p197_K,g0
p197_N,g1
p199_Y,g0
p200_G,g1
p201_YATCSVGL,g0
p202_F,g1
p202_M,g0
p202_T,g0
p203_G,g1
p203_VST,g0
p204_S,g1
p204_T,g1
p205_V,g1
p208_I,g0
p208_L,g1
p208_M,g0
p208_TCFD,g0
p209_I,g1
p209_V,g1
p210_T,g1
p211_G,g1
p211_I,g0
p211_L,g1
p212_W,g0
p213_T,g0
p214_M,g0
p214_NI,g0
p215_CPS,g11
p215_T,g0
p215_V,g1
p216_I,g0
p216_MAC,g0
p216_V,g1
p217_L,g0
p217_V,g0
p218_S,g0
p219_I,g1
p219_WLYA,g0
p220_E,g0
p222_Y,g2
p223_NKMQFST,g0
p224_V,g0
p225_V,g1
p226_SLT,g0
p226_V,g0
p227_K,g0
p234_ILGV,g0
p234_M,g0
p244_H,g0
p244_Q,g0
p246_I,g1
p246_L,g1
p247_M,g1
p248_G,g1
p248_LRCKFM,g0
p248_V,g1
p249_I,g0
p249_L,g2
p249_V,g12
p251_F,g1
p252_PCVA,g0
p252_S,g0
p252_T,g0
p255_I,g1
p255_M,g1
p255_S,g0
p255_W,g0
p256_G,g1
p257_I,g1
p258_G,g1
p258_PVLITC,g10
p259_C,g1
p259_F,g0
p259_V,g1
p259_W,g0
p260_T,g0
p261_I,g1
p262_L,g0
p262_P,g0
p264_F,g1
p264_L,g1
p265_V,g1
p269_S,g0
p270_SHKQ,g13
p271_Y,g5
p272_V,g0
p276_L,g1
p276_M,g1
p276_N,g0
p277_MKGAR,g0
p277_Q,g0
p278_T,g0
p279_S,g0
p279_TWGV,g0
p281_S,g0
p282_P,g1
p282_TFL,g0
p282_V,g2
p284_W,g1
p284_Y,g1
p285_L,g0
p285_Y,g0
p286_S,g0
p286_T,g0
p289_E,g1
p289_K,g0
p289_N,g0
p289_P,g1
p289_T,g1
p292_H,g9
p292_K,g1
p292_N,g1
p292_R,g5
p293_S,g1
p293_T,g0
p293_VHDPC,g0
p294_KQIMLTDN,g0
p294_R,g0
p295_TLVHAI,g0
p295_Y,g1
p296_Y,g1
p297_M,g0
p297_T,g1
p297_V,g1
p298_QYFAGH,g13
p298_W,g1
p299_CVTLS,g0
p299_F,g1
p299_Y,g1
p300_L,g1
p300_M,g1
p300_Y,g0
p301_MAVLSC,g0
p303_F,g1
p303_T,g0
p303_V,g14
p303_WLSIA,g0
p304_H,g1
p304_SYWVF,g0
p305_F,g0
p305_Y,g0
p306_C,g0
p311_L,g1
p311_V,g1
p312_V,g15
p313_F,g1
p313_I,g8
p313_V,g0
p314_LAVT,g0
p314_Y,g0
p315_F,g0
p315_S,g1
p315_T,g0
p317_LFAWTICY,g0
p317_S,g1
p318_KLNAHG,g0
p318_Q,g1
p318_S,g0
p319_L,g0
p319_VY,g0
p320_L,g1
p320_V,g16
p320_WFQY,g0
p321_F,g6
p321_G,g4
p321_L,g0
p321_R,g5
p322_K,g9
p322_T,g16
p323_V,g1
p324_K,g1
p324_R,g1
p325_E,g1
p326_H,g0
p326_V,g1
p327_E,g0
p331_K,g0
p331_Q,g0
p331_R,g0
p347_E,g0
p347_S,g0
p349_S,g17
p349_T,g17
p350_N,g0
p350_T,g0
p351_Q,g0
p351_TWARE,g0
p352_R,g2
p352_S,g0
p353_VT,g0
p355_K,g14
p355_R,g14
p356_K,g0
p356_RQD,g0
p357_L,g0
p357_V,g0
p358_S,g1
p358_T,g1
p359_K,g0
p359_R,g0
p360_V,g0
p361_C,g0
p361_V,g0
p362_I,g18
p362_L,g0
p362_V,g18
p367_I,g0
p367_V,g0
p368_G,g1
p368_I,g1
p368_S,g0
p369_G,g19
p369_L,g0
p369_S,g1
p370_W,g0
p371_F,g0
p371_L,g1
p371_V,g0
p372_L,g1
p372_M,g0
p373_C,g0
p373_SGT,g0
p374_Y,g1
p375_L,g1
p375_T,g0
p378_L,g0
p379_F,g0
p379_G,g1
p379_V,g0
p380_I,g0
p380_L,g1
p380_M,g4
p380_V,g1
p381_N,g0
p381_TGSC,g0
p382_C,g0
p382_F,g14
p382_M,g1
p382_W,g2
p383_T,g0
p383_W,g19
p383_Y,g19
p384_G,g0
p384_I,g1
p384_M,g1
p384_V,g0
p385_F,g1
p385_ISTL,g0
p385_V,g1
p386_F,g0
p386_L,g0
p386_N,g1
p386_T,g1
p388_E,g0
p388_K,g0
p388_P,g0
p388_Q,g1
p388_R,g1
p389_G,g1
p389_N,g1
p389_TRSEKFQ,g0
p390_H,g1
p390_S,g1
p391_D,g14
p391_E,g2
p391_G,g1
p391_S,g0
p391_T,g0
p392_I,g0
p392_L,g1
p393_G,g1
p393_H,g0
p393_S,g0
p393_T,g0
p394_L,g1
p394_P,g1
p395_R,g1
p395_T,g9
p396_F,g1
p396_L,g1
p396_T,g0
p397_M,g1
p397_T,g0
p397_V,g1
p398_I,g0
p398_MVG,g0
p398_T,g0
p399_W,g0
p400_P,g0
p402_F,g0
p402_V,g0
p402_YLMI,g0
p403_LCAV,g0
p404_S,g1
p406_T,g6
p407_NV,g0
p407_S,g0
p409_L,g0
p411_N,g0
p413_WCF,g0
p414_V,g0
p416_C,g1
p416_G,g0
p416_I,g1
p416_S,g4
p416_V,g17
p417_F,g1
p417_I,g0
p417_L,g19
p417_M,g6
p418_NAF,g0
p418_S,g0
p421_N,g0
p422_P,g0
p422_RDS,g0
p423_Q,g0
p423_R,g0
p424_Y,g0
p426_H,g2
p426_N,g14
p426_S,g0
p427_C,g0
p427_ES,g0
p428_L,g0
p428_M,g1
p429_M,g1
p429_V,g6
p429_YEKQRT,g0
p430_E,g1
p430_K,g0
p430_NGVSRMH,g3
p430_Q,g0
p430_T,g1
p431_L,g0
p431_R,g0
p431_T,g0
p66_K,g1
p66_Q,g5
p66_S,g1
p66_T,g0
p66_V,g2
p67_N,g0
p68_EGHSLVQMN,g0
p68_I,g1
p68_K,g14
p68_R,g0
p68_T,g2
p69_S,g1
p69_T,g1
p70_G,g1
p70_MKETILHQD,g0
p70_N,g4
p70_S,g1
p70_V,g0
p71_TYPGF,g0
p71_V,g12
p81_NYDR,g0
p81_Q,g0
p82_H,g15
p82_M,g0
p82_Y,g2
p95_H,g1
p95_L,g0
p95_Y,g1
p136_I,g1
p136_W,g0
p136_Y,g1
p137_C,g0
p137_I,g0
p137_V,g0
p168_F,g1
p168_S,g0
p168_V,g1
p175_V,g1
p175_Y,g1
p183_N,g0
p183_T,g1
p189_W,g0
p191_GMHTP,g0
p193_QAVEYDST,g0
p194_L,g2
p195_F,g0
p195_G,g1
p195_V,g1
p206_G,g1
p206_SCFTY,g0
p228_P,g0
p229_I,g2
p229_L,g0
p229_M,g16
p230_G,g1
p230_S,g1
p231_G,g0
p231_N,g20
p231_S,g20
p232_I,g5
p232_KVL,g0
p232_R,g0
p233_K,g0
p233_P,g0
p233_T,g0
p239_G,g1
p239_K,g0
p239_T,g0
p242_E,g1
p242_G,g0
p242_NKPQRIH,g0
p242_S,g1
p242_T,g0
p243_N,g1
p243_PVDRGEA,g0
p243_T,g0
p274_HYDQMWTSFILGCNAV,g0
p290_E,g7
p290_G,g2
p290_K,g1
p290_YHNASTQ,g0
p291_P,g0
p291_T,g6
p291_W,g0
p291_Y,g1
p309_V,g0
p310_I,g6
p310_S,g1
p328_K,g0
p328_RVQMS,g0
p329_Q,g2
p330_M,g0
p330_Q,g0
p348_D,g0
p348_E,g2
p365_L,g0
p365_TAF,g0
p365_V,g1
p366_M,g0
p366_T,g0
p408_C,g1
p408_T,g0
p410_IL,g0
p410_Y,g0
p432_I,g0
p432_MRC,g11
p432_V,g1
