p122_M,p205_V,p166_EIVPLMTK,p249_V,p68_K,p312_V,p416_V,p426_N,p362_I,p290_G,p79_TASE,p380_M,p321_R,p113_M,p112_S,p352_R,p139_F
p75_P,p76_W,p258_VPLITC,p71_V,p303_V,p82_H,p349_S,p355_K,p362_V,p76_Y,p430_NGVSRMH,p99_K,p99_V,p101_Q,p290_E,p115_G,p292_H
p76_QTKIE,p77_E,,,p382_F,,p349_T,p355_R,,p97_V,,p321_G,p112_R,p123_M,,p185_M,p322_K
p77_L,p78_G,,,p391_D,,,,,,,p416_S,p139_L,p172_L,,p222_Y,p395_T
p77_N,p78_Y,,,,,,,,,,p70_N,p140_HLS,p185_L,,p249_L,
p77_V,p96_L,,,,,,,,,,,p156_V,p321_F,,p282_V,
p78_LTISEF,p98_P,,,,,,,,,,,p271_Y,p406_T,,p382_W,
p78_V,p99_P,,,,,,,,,,,p292_R,p417_M,,p391_E,
p96_M,p113_L,,,,,,,,,,,p66_Q,p429_V,,p426_H,
p97_DHFYSQP,p114_Q,,,,,,,,,,,p232_I,p291_T,,p66_V,
p97_G,p117_Y,,,,,,,,,,,,p310_I,,p68_T,
p99_RSAQYL,p119_G,,,,,,,,,,,,,,p82_Y,
p100_G,p121_L,,,,,,,,,,,,,,p194_L,
p100_IFVMSET,p121_V,,,,,,,,,,,,,,p229_I,
p101_MIYRTELNF,p122_I,,,,,,,,,,,,,,p329_Q,
p101_V,p126_F,,,,,,,,,,,,,,p348_E,
p111_H,p126_T,,,,,,,,,,,,,,,
p112_K,p128_I,,,,,,,,,,,,,,,
p113_GCFST,p128_L,,,,,,,,,,,,,,,
p114_M,p130_F,,,,,,,,,,,,,,,
p114_TCASI,p131_L,,,,,,,,,,,,,,,
p115_S,p134_V,,,,,,,,,,,,,,,
p116_F,p141_H,,,,,,,,,,,,,,,
p117_IWTALV,p141_Y,,,,,,,,,,,,,,,
p118_M,p147_T,,,,,,,,,,,,,,,
p118_Y,p154_V,,,,,,,,,,,,,,,
p119_T,p156_L,,,,,,,,,,,,,,,
p122_VAGLTW,p157_S,,,,,,,,,,,,,,,
p125_S,p158_L,,,,,,,,,,,,,,,
p126_I,p159_G,,,,,,,,,,,,,,,
p126_V,p160_G,,,,,,,,,,,,,,,
p127_P,p161_L,,,,,,,,,,,,,,,
p127_TLACVIG,p162_L,,,,,,,,,,,,,,,
p128_TAFMS,p163_F,,,,,,,,,,,,,,,
p135_L,p163_M,,,,,,,,,,,,,,,
p138_T,p164_C,,,,,,,,,,,,,,,
p139_STWC,p164_V,,,,,,,,,,,,,,,
p140_T,p165_F,,,,,,,,,,,,,,,
p141_N,p166_F,,,,,,,,,,,,,,,
p141_SEDL,p166_G,,,,,,,,,,,,,,,
p141_T,p167_G,,,,,,,,,,,,,,,
p144_S,p167_S,,,,,,,,,,,,,,,
p144_TPRN,p169_T,,,,,,,,,,,,,,,
p146_R,p171_T,,,,,,,,,,,,,,,
p147_S,p171_V,,,,,,,,,,,,,,,
p148_P,p185_S,,,,,,,,,,,,,,,
p149_S,p186_Q,,,,,,,,,,,,,,,
p151_L,p197_N,,,,,,,,,,,,,,,
p151_WMI,p200_G,,,,,,,,,,,,,,,
p151_Y,p202_F,,,,,,,,,,,,,,,
p152_I,p203_G,,,,,,,,,,,,,,,
p152_L,p204_S,,,,,,,,,,,,,,,
p153_V,p204_T,,,,,,,,,,,,,,,
p158_I,p208_L,,,,,,,,,,,,,,,
p159_FCL,p209_I,,,,,,,,,,,,,,,
p162_I,p209_V,,,,,,,,,,,,,,,
p163_V,p210_T,,,,,,,,,,,,,,,
p164_M,p211_G,,,,,,,,,,,,,,,
p164_STID,p211_L,,,,,,,,,,,,,,,
p167_M,p215_V,,,,,,,,,,,,,,,
p169_P,p216_V,,,,,,,,,,,,,,,
p170_MLSQFHA,p219_I,,,,,,,,,,,,,,,
p171_L,p225_V,,,,,,,,,,,,,,,
p171_S,p246_I,,,,,,,,,,,,,,,
p184_F,p246_L,,,,,,,,,,,,,,,
p184_QCELNT,p247_M,,,,,,,,,,,,,,,
p185_Y,p248_G,,,,,,,,,,,,,,,
p187_G,p248_V,,,,,,,,,,,,,,,
p187_QKRAM,p251_F,,,,,,,,,,,,,,,
p188_T,p255_I,,,,,,,,,,,,,,,
p188_Y,p255_M,,,,,,,,,,,,,,,
p197_D,p256_G,,,,,,,,,,,,,,,
p197_K,p257_I,,,,,,,,,,,,,,,
p199_Y,p258_G,,,,,,,,,,,,,,,
p201_YATCSVGL,p259_C,,,,,,,,,,,,,,,
p202_M,p259_V,,,,,,,,,,,,,,,
p202_T,p261_I,,,,,,,,,,,,,,,
p203_V,p264_L,,,,,,,,,,,,,,,
p208_I,p265_V,,,,,,,,,,,,,,,
p208_M,p276_L,,,,,,,,,,,,,,,
p208_TCFD,p276_M,,,,,,,,,,,,,,,
p211_I,p282_P,,,,,,,,,,,,,,,
p212_W,p284_W,,,,,,,,,,,,,,,
p213_T,p284_Y,,,,,,,,,,,,,,,
p214_M,p289_E,,,,,,,,,,,,,,,
p214_NI,p289_P,,,,,,,,,,,,,,,
p215_T,p289_T,,,,,,,,,,,,,,,
p216_I,p292_K,,,,,,,,,,,,,,,
p216_MAC,p292_N,,,,,,,,,,,,,,,
p217_L,p293_S,,,,,,,,,,,,,,,
p217_V,p295_Y,,,,,,,,,,,,,,,
p218_S,p296_Y,,,,,,,,,,,,,,,
p219_WLYA,p297_T,,,,,,,,,,,,,,,
p220_E,p297_V,,,,,,,,,,,,,,,
p223_NKMQFST,p298_W,,,,,,,,,,,,,,,
p224_V,p299_F,,,,,,,,,,,,,,,
p226_SLT,p299_Y,,,,,,,,,,,,,,,
p226_V,p300_L,,,,,,,,,,,,,,,
p227_K,p300_M,,,,,,,,,,,,,,,
p234_ILGV,p303_F,,,,,,,,,,,,,,,
p234_M,p304_H,,,,,,,,,,,,,,,
p244_H,p311_L,,,,,,,,,,,,,,,
p244_Q,p311_V,,,,,,,,,,,,,,,
p248_LRCKFM,p313_F,,,,,,,,,,,,,,,
p249_I,p315_S,,,,,,,,,,,,,,,
p252_PCVA,p317_S,,,,,,,,,,,,,,,
p252_S,p318_Q,,,,,,,,,,,,,,,
p252_T,p320_L,,,,,,,,,,,,,,,
p255_S,p320_V,,,,,,,,,,,,,,,
p255_W,p322_T,,,,,,,,,,,,,,,
p259_F,p323_V,,,,,,,,,,,,,,,
p259_W,p324_K,,,,,,,,,,,,,,,
p260_T,p324_R,,,,,,,,,,,,,,,
p262_L,p325_E,,,,,,,,,,,,,,,
p262_P,p326_V,,,,,,,,,,,,,,,
p264_IAMWVY,p358_S,,,,,,,,,,,,,,,
p269_S,p358_T,,,,,,,,,,,,,,,
p270_SHKQ,p368_G,,,,,,,,,,,,,,,
p272_V,p368_I,,,,,,,,,,,,,,,
p276_N,p369_S,,,,,,,,,,,,,,,
p277_L,p371_L,,,,,,,,,,,,,,,
p277_Q,p372_L,,,,,,,,,,,,,,,
p278_T,p374_Y,,,,,,,,,,,,,,,
p279_S,p375_L,,,,,,,,,,,,,,,
p279_TWGV,p379_G,,,,,,,,,,,,,,,
p281_S,p380_L,,,,,,,,,,,,,,,
p282_TFL,p380_V,,,,,,,,,,,,,,,
p285_L,p382_M,,,,,,,,,,,,,,,
p285_Y,p384_I,,,,,,,,,,,,,,,
p286_S,p384_M,,,,,,,,,,,,,,,
p286_T,p385_F,,,,,,,,,,,,,,,
p289_K,p385_V,,,,,,,,,,,,,,,
p289_N,p386_N,,,,,,,,,,,,,,,
p293_T,p386_T,,,,,,,,,,,,,,,
p293_VHDPC,p388_Q,,,,,,,,,,,,,,,
p294_KQIMLTDN,p388_R,,,,,,,,,,,,,,,
p294_R,p389_G,,,,,,,,,,,,,,,
p295_TLVHAI,p389_N,,,,,,,,,,,,,,,
p297_M,p390_H,,,,,,,,,,,,,,,
p298_QYFAGH,p390_S,,,,,,,,,,,,,,,
p299_CVTLS,p391_G,,,,,,,,,,,,,,,
p300_Y,p392_L,,,,,,,,,,,,,,,
p301_MAVLSC,p393_G,,,,,,,,,,,,,,,
p303_T,p394_L,,,,,,,,,,,,,,,
p303_WLSIA,p394_P,,,,,,,,,,,,,,,
p304_SWYVF,p395_R,,,,,,,,,,,,,,,
p305_F,p396_F,,,,,,,,,,,,,,,
p305_Y,p396_L,,,,,,,,,,,,,,,
p306_C,p397_M,,,,,,,,,,,,,,,
p313_V,p397_V,,,,,,,,,,,,,,,
p314_LAVT,p404_S,,,,,,,,,,,,,,,
p314_Y,p416_C,,,,,,,,,,,,,,,
p315_F,p416_I,,,,,,,,,,,,,,,
p315_T,p417_F,,,,,,,,,,,,,,,
p317_LFAWTICY,p428_M,,,,,,,,,,,,,,,
p318_KLNAHG,p429_M,,,,,,,,,,,,,,,
p318_S,p430_E,,,,,,,,,,,,,,,
p319_L,p430_T,,,,,,,,,,,,,,,
p319_VY,p66_K,,,,,,,,,,,,,,,
p320_WFQY,p66_S,,,,,,,,,,,,,,,
p321_L,p68_I,,,,,,,,,,,,,,,
p326_H,p69_S,,,,,,,,,,,,,,,
p327_E,p69_T,,,,,,,,,,,,,,,
p331_K,p70_G,,,,,,,,,,,,,,,
p331_Q,p70_S,,,,,,,,,,,,,,,
p331_R,p95_Y,,,,,,,,,,,,,,,
p347_E,p136_I,,,,,,,,,,,,,,,
p347_S,p136_Y,,,,,,,,,,,,,,,
p350_N,p168_V,,,,,,,,,,,,,,,
p350_T,p175_V,,,,,,,,,,,,,,,
p351_Q,p175_Y,,,,,,,,,,,,,,,
p351_TWARE,p183_T,,,,,,,,,,,,,,,
p352_S,p195_G,,,,,,,,,,,,,,,
p353_VT,p195_V,,,,,,,,,,,,,,,
p356_K,p206_G,,,,,,,,,,,,,,,
p356_RQD,p229_M,,,,,,,,,,,,,,,
p357_L,p230_G,,,,,,,,,,,,,,,
p357_V,p230_S,,,,,,,,,,,,,,,
p359_K,p239_G,,,,,,,,,,,,,,,
p359_R,p242_E,,,,,,,,,,,,,,,
p360_V,p242_S,,,,,,,,,,,,,,,
p361_C,p243_N,,,,,,,,,,,,,,,
p361_V,p290_K,,,,,,,,,,,,,,,
p362_L,p291_Y,,,,,,,,,,,,,,,
p367_I,p310_S,,,,,,,,,,,,,,,
p367_V,p365_V,,,,,,,,,,,,,,,
p368_S,p408_C,,,,,,,,,,,,,,,
p369_G,p432_V,,,,,,,,,,,,,,,
p369_L,,,,,,,,,,,,,,,,
p370_W,,,,,,,,,,,,,,,,
p371_F,,,,,,,,,,,,,,,,
p371_V,,,,,,,,,,,,,,,,
p372_M,,,,,,,,,,,,,,,,
p373_C,,,,,,,,,,,,,,,,
p373_SGT,,,,,,,,,,,,,,,,
p375_T,,,,,,,,,,,,,,,,
p378_L,,,,,,,,,,,,,,,,
p378_T,,,,,,,,,,,,,,,,
p379_F,,,,,,,,,,,,,,,,
p379_V,,,,,,,,,,,,,,,,
p380_I,,,,,,,,,,,,,,,,
p381_N,,,,,,,,,,,,,,,,
p381_TGSC,,,,,,,,,,,,,,,,
p382_C,,,,,,,,,,,,,,,,
p382_L,,,,,,,,,,,,,,,,
p383_T,,,,,,,,,,,,,,,,
p383_W,,,,,,,,,,,,,,,,
p383_Y,,,,,,,,,,,,,,,,
p384_G,,,,,,,,,,,,,,,,
p384_V,,,,,,,,,,,,,,,,
p385_ISTL,,,,,,,,,,,,,,,,
p386_F,,,,,,,,,,,,,,,,
p386_L,,,,,,,,,,,,,,,,
p388_E,,,,,,,,,,,,,,,,
p388_K,,,,,,,,,,,,,,,,
p388_P,,,,,,,,,,,,,,,,
p389_TRSEKFQ,,,,,,,,,,,,,,,,
p391_S,,,,,,,,,,,,,,,,
p391_T,,,,,,,,,,,,,,,,
p392_I,,,,,,,,,,,,,,,,
p393_H,,,,,,,,,,,,,,,,
p393_S,,,,,,,,,,,,,,,,
p393_T,,,,,,,,,,,,,,,,
p396_T,,,,,,,,,,,,,,,,
p397_T,,,,,,,,,,,,,,,,
p398_I,,,,,,,,,,,,,,,,
p398_MVG,,,,,,,,,,,,,,,,
p398_T,,,,,,,,,,,,,,,,
p399_W,,,,,,,,,,,,,,,,
p400_P,,,,,,,,,,,,,,,,
p402_F,,,,,,,,,,,,,,,,
p402_V,,,,,,,,,,,,,,,,
p402_YLMI,,,,,,,,,,,,,,,,
p403_LCAV,,,,,,,,,,,,,,,,
p407_NV,,,,,,,,,,,,,,,,
p407_S,,,,,,,,,,,,,,,,
p409_L,,,,,,,,,,,,,,,,
p411_N,,,,,,,,,,,,,,,,
p413_WCF,,,,,,,,,,,,,,,,
p414_V,,,,,,,,,,,,,,,,
p416_G,,,,,,,,,,,,,,,,
p417_I,,,,,,,,,,,,,,,,
p417_L,,,,,,,,,,,,,,,,
p418_NAF,,,,,,,,,,,,,,,,
p418_S,,,,,,,,,,,,,,,,
p421_N,,,,,,,,,,,,,,,,
p422_P,,,,,,,,,,,,,,,,
p422_RDS,,,,,,,,,,,,,,,,
p423_Q,,,,,,,,,,,,,,,,
p423_R,,,,,,,,,,,,,,,,
p424_Y,,,,,,,,,,,,,,,,
p426_S,,,,,,,,,,,,,,,,
p427_C,,,,,,,,,,,,,,,,
p427_ES,,,,,,,,,,,,,,,,
p428_L,,,,,,,,,,,,,,,,
p429_YEKQRT,,,,,,,,,,,,,,,,
p430_K,,,,,,,,,,,,,,,,
p430_Q,,,,,,,,,,,,,,,,
p431_L,,,,,,,,,,,,,,,,
p431_R,,,,,,,,,,,,,,,,
p431_T,,,,,,,,,,,,,,,,
p66_T,,,,,,,,,,,,,,,,
p67_N,,,,,,,,,,,,,,,,
p68_EGHSLVQMN,,,,,,,,,,,,,,,,
p68_R,,,,,,,,,,,,,,,,
p70_MKETILHQD,,,,,,,,,,,,,,,,
p70_V,,,,,,,,,,,,,,,,
p71_TYPGF,,,,,,,,,,,,,,,,
p81_NYDR,,,,,,,,,,,,,,,,
p81_Q,,,,,,,,,,,,,,,,
p82_M,,,,,,,,,,,,,,,,
p95_L,,,,,,,,,,,,,,,,
p136_W,,,,,,,,,,,,,,,,
p137_C,,,,,,,,,,,,,,,,
p137_I,,,,,,,,,,,,,,,,
p137_V,,,,,,,,,,,,,,,,
p168_IATP,,,,,,,,,,,,,,,,
p168_S,,,,,,,,,,,,,,,,
p183_N,,,,,,,,,,,,,,,,
p189_W,,,,,,,,,,,,,,,,
p191_GMHTP,,,,,,,,,,,,,,,,
p193_QAVEYDST,,,,,,,,,,,,,,,,
p195_F,,,,,,,,,,,,,,,,
p206_SCFTY,,,,,,,,,,,,,,,,
p228_P,,,,,,,,,,,,,,,,
p229_L,,,,,,,,,,,,,,,,
p231_G,,,,,,,,,,,,,,,,
p231_N,,,,,,,,,,,,,,,,
p231_S,,,,,,,,,,,,,,,,
p232_KVML,,,,,,,,,,,,,,,,
p232_R,,,,,,,,,,,,,,,,
p233_K,,,,,,,,,,,,,,,,
p233_P,,,,,,,,,,,,,,,,
p233_T,,,,,,,,,,,,,,,,
p239_K,,,,,,,,,,,,,,,,
p239_T,,,,,,,,,,,,,,,,
p242_G,,,,,,,,,,,,,,,,
p242_TNKPQRIH,,,,,,,,,,,,,,,,
p243_PVRDGEA,,,,,,,,,,,,,,,,
p243_T,,,,,,,,,,,,,,,,
p274_HYDQMWTSFILGCNAV,,,,,,,,,,,,,,,,
p290_YHNASTQ,,,,,,,,,,,,,,,,
p291_P,,,,,,,,,,,,,,,,
p291_W,,,,,,,,,,,,,,,,
p309_V,,,,,,,,,,,,,,,,
p328_K,,,,,,,,,,,,,,,,
p328_RVQMS,,,,,,,,,,,,,,,,
p330_M,,,,,,,,,,,,,,,,
p330_Q,,,,,,,,,,,,,,,,
p348_D,,,,,,,,,,,,,,,,
p365_L,,,,,,,,,,,,,,,,
p365_TAF,,,,,,,,,,,,,,,,
p366_M,,,,,,,,,,,,,,,,
p366_T,,,,,,,,,,,,,,,,
p408_T,,,,,,,,,,,,,,,,
p410_IL,,,,,,,,,,,,,,,,
p410_Y,,,,,,,,,,,,,,,,
p432_I,,,,,,,,,,,,,,,,
